הדפים המובילים,קליקים,הופעות,שיעור קליקים,מקום
https://talgoren.co.il/,991,85641,1.16%,28.77
https://talgoren.co.il/עלויות-בניה-ומחיר-אדריכלות/,502,78614,0.64%,24.78
https://talgoren.co.il/הסלון-טיפים-וכלים-מעשיים-לתכנון/,272,20416,1.33%,38.69
https://talgoren.co.il/תכנון-בית-פרטי/,239,111071,0.22%,27.6
https://talgoren.co.il/אדריכלות-מודרנית/,74,32392,0.23%,17.02
https://talgoren.co.il/אדריכל-חוף-הכרמל/,67,2078,3.22%,13.61
https://talgoren.co.il/שות/,55,5280,1.04%,25.54
https://talgoren.co.il/פרויקט/,51,4376,1.17%,11.23
https://talgoren.co.il/אדריכלים-פרדס-חנה-כרכור/,46,3272,1.41%,13.28
https://talgoren.co.il/אדריכלות-יוקרה/,38,32236,0.12%,21.15
https://talgoren.co.il/אדריכל-עמק-חפר/,38,3502,1.09%,14.81
https://talgoren.co.il/אדריכלות-בתים-פרטיים/,31,63126,0.05%,43.7
https://talgoren.co.il/guid/שאלון-פרוגרמה-לבית-חדש/,29,2766,1.05%,54.68
https://talgoren.co.il/איך-לבחור-אדריכלית/,27,13158,0.21%,31.6
https://talgoren.co.il/אדריכל-זכרון-יעקבֿ/,26,2194,1.19%,14.24
https://talgoren.co.il/אדריכל-בעתלית/,25,3757,0.67%,31.98
https://talgoren.co.il/מעצבת-פנים/,21,34995,0.06%,65
https://talgoren.co.il/אודות/,16,4564,0.35%,8.15
https://talgoren.co.il/צור-קשר/,12,3165,0.38%,5.18
https://talgoren.co.il/guid/שאלון-פרוגרמה-לשיפוץ-ותוספת-בניה/,9,985,0.91%,42.64
https://talgoren.co.il/guid/צק-ליסט-לתכנון-מטבח/,9,633,1.42%,53.66
https://talgoren.co.il/בית-משפחת-מ-במושב-מאור/,7,537,1.3%,35.92
https://talgoren.co.il/בית-משפחת-ג-בבנימינה/,3,570,0.53%,26.06
https://talgoren.co.il/tag/פרויקטים/,2,777,0.26%,48.51
https://talgoren.co.il/tag/תימחור/,2,193,1.04%,29.99
https://talgoren.co.il/מאמרים/,1,1070,0.09%,7.65
https://talgoren.co.il/author/tal-goren/,1,1011,0.1%,9.19
https://talgoren.co.il/בית-משפחת-ר-באור-עקיבא/,1,700,0.14%,37.11
https://talgoren.co.il/לקוחות-מספרים/,1,634,0.16%,10.83
https://talgoren.co.il/בית-משפחת-ס-בבנימינה/,1,557,0.18%,43.74
https://talgoren.co.il/בית-משפחת-ט-במושב-מאור/,1,487,0.21%,38.98
https://talgoren.co.il/author/dror/,1,334,0.3%,16.4
https://talgoren.co.il/בית-משפחת-נ-בזכרון-יעקב/,1,298,0.34%,45.69
https://talgoren.co.il/category/menu/פרויקטים/page/2/,1,215,0.47%,44.28
https://talgoren.co.il/category/הדמיות/,1,68,1.47%,43.32
https://talgoren.co.il/שירותים/,0,1521,0%,7.89
https://talgoren.co.il/category/menu/,0,357,0%,36
https://talgoren.co.il/category/menu/page/2/,0,348,0%,44.31
https://talgoren.co.il/category/menu/פרויקטים/,0,319,0%,39.42
https://talgoren.co.il/בית-משפחת-ו-בגבעת-עדה/,0,298,0%,44.23
https://talgoren.co.il/בית-משפחת-ו-בזכרון-יעקב/,0,292,0%,45.23
https://talgoren.co.il/בית-משפחת-ה-באור-עקיבא/,0,278,0%,52.71
https://talgoren.co.il/בית-משפחת-נ-בזכרון-יעקב-2/,0,270,0%,54.81
https://talgoren.co.il/guid/,0,266,0%,21.36
https://talgoren.co.il/בית-משפחת-פ-בפרדס-חנה/,0,240,0%,41.21
https://talgoren.co.il/בית-משפחת-שק-במאור/,0,230,0%,34.73
https://talgoren.co.il/בית-משפחת-ש-בקציר/,0,228,0%,38.34
https://talgoren.co.il/בית-משפחת-מנ-במושב-מאור/,0,206,0%,47.28
https://talgoren.co.il/tag/סלון/,0,205,0%,30.59
https://talgoren.co.il/בית-משפחת-ש-במושב-מאור/,0,205,0%,40.4
https://talgoren.co.il/בית-משפחת-ו-בגבעת-עדה-2/,0,202,0%,45.35
https://talgoren.co.il/בית-משפחת-ש-בפרדס-חנה/,0,198,0%,38.1
https://talgoren.co.il/guid/המדריך-להגשים-בית-ולבנות-חלום/,0,196,0%,57.88
https://talgoren.co.il/tag/קיר-כח/,0,181,0%,33.82
https://talgoren.co.il/category/menu/מאמרים/,0,108,0%,28.62
https://talgoren.co.il/tag/תקציב/,0,99,0%,21.55
https://talgoren.co.il/tag/טעויות/,0,94,0%,22.79
https://talgoren.co.il/author/webs/,0,39,0%,16.03
https://talgoren.co.il/guid/שלבי-התכנון-והבניה-על-ציר-הזמן/,0,35,0%,52.63
https://talgoren.co.il/tag/עלויות/,0,27,0%,18
https://talgoren.co.il/tag/חלל-ציבורי/,0,18,0%,28.94
https://talgoren.co.il/wp-content/uploads/2021/01/טבת-אסנת-טל-קבצים-קטנים-22.jpg,0,7,0%,21.57
https://talgoren.co.il/category/פרויקטים-מאוכלסים/,0,7,0%,33.57
https://talgoren.co.il/wp-content/uploads/2021/01/שביל-כניסה-לבית-1024x683.jpg,0,6,0%,26
https://talgoren.co.il/wp-content/uploads/elementor/thumbs/-אסנת-טל-קבצים-קטנים-22-q6g5xlxj91jbj2nbwfu84d36g0i3iurrohrzpbjzbc.jpg,0,4,0%,18
https://talgoren.co.il/guid/שיקולים-בתכנון-מטבח-ודגשים-לתכנון/,0,4,0%,50.75
https://talgoren.co.il/תקנון-תנאי-שימוש-ומדיניות-פרטיות/,0,3,0%,34
https://talgoren.co.il/guid/טעויות-בתכנון-ובניה-וכיצד-להימנע-מהן/,0,3,0%,54.67
https://talgoren.co.il/category/uncategorized/,0,2,0%,14.5
https://talgoren.co.il/אדריכל-חוף-הךרמל/,0,1,0%,3
https://talgoren.co.il/wp-content/uploads/2021/01/טבת-אסנת-טל-קבצים-קטנים-22-300x213.jpg,0,1,0%,13
https://talgoren.co.il/wp-content/uploads/2020/07/אייקון-מתנה.png,0,1,0%,17